"border","range","column","plot","Block","Accession","Source","Mother","Father","Kernel.Count","type"
NA,"01","01","0101","1","NAM #4","#0005624","Oh43","@","40k",NA
NA,"01","02","0102","1","NAM #4","#0005624","Oh43","@","40k",NA
NA,"01","03","0103","1","NAM #4","#0005624","Oh43","@","40k",NA
NA,"01","04","0104","1","NAM #6","#0000246","Tx303","@","40k",NA
NA,"01","05","0105","1","NAM #6","#0000246","Tx303","@","40k",NA
NA,"01","06","0106","1","NAM #6","#0000246","Tx303","@","40k",NA
NA,"01","07","0107","1","NAM #7","#0002624","CML322","@","40k",NA
NA,"01","08","0108","1","NAM #7","#0002624","CML322","@","40k",NA
NA,"01","09","0109","1","NAM #7","#0002624","CML322","@","40k",NA
NA,"01","10","0110","1","NAM #1","#0033179","B73","@","40k",NA
NA,"01","11","0111","1","NAM #1","#0033179","B73","@","40k",NA
NA,"01","12","0112","1","NAM #1","#0033179","B73","@","40k",NA
NA,"01","15","0113","3","NAM #1","#0033179","B73","@","40k",NA
NA,"01","16","0114","3","NAM #1","#0033179","B73","@","40k",NA
NA,"01","17","0115","3","NAM #1","#0033181","B73","@","40k",NA
NA,"01","18","0116","3","NAM #7","#0002624","CML322","@","40k",NA
NA,"01","19","0117","3","NAM #7","#0002624","CML322","@","40k",NA
NA,"01","20","0118","3","NAM #7","#0002624","CML322","@","40k",NA
NA,"01","21","0119","3","NAM #6","#0000246","Tx303","@","40k",NA
NA,"01","22","0120","3","NAM #6","#0000246","Tx303","@","40k",NA
NA,"01","23","0121","3","NAM #6","#0005911","Tx303","@","40k",NA
NA,"01","24","0122","3","NAM #2","#0033096","W22","@","40k",NA
NA,"01","25","0123","3","NAM #2","#0033096","W22","@","40k",NA
NA,"01","26","0124","3","NAM #2","#0033097","W22","@","40k",NA
NA,"02","01","0201","1","NAM #2","#0033097","W22","@","40k",NA
NA,"02","02","0202","1","NAM #2","#0033097","W22","@","40k",NA
NA,"02","03","0203","1","NAM #2","#0033097","W22","@","40k",NA
NA,"02","04","0204","1","NAM #8","#0012523","CML228","@","40k",NA
NA,"02","05","0205","1","NAM #8","#0012523","CML228","@","40k",NA
NA,"02","06","0206","1","NAM #8","#0012523","CML228","@","40k",NA
NA,"02","07","0207","1","NAM #5","#0005676","Oh7B","@","40k",NA
NA,"02","08","0208","1","NAM #5","#0005676","Oh7B","@","40k",NA
NA,"02","09","0209","1","NAM #5","#0005676","Oh7B","@","40k",NA
NA,"02","10","0210","1","NAM #3","#0033684","Mo17","@","40k",NA
NA,"02","11","0211","1","NAM #3","#0033684","Mo17","@","40k",NA
NA,"02","12","0212","1","NAM #3","#0033684","Mo17","@","40k",NA
NA,"02","15","0213","3","NAM #3","#0033684","Mo17","@","40k",NA
NA,"02","16","0214","3","NAM #3","#0033684","Mo17","@","40k",NA
NA,"02","17","0215","3","NAM #3","#0033684","Mo17","@","40k",NA
NA,"02","18","0216","3","NAM #4","#0005624","Oh43","@","40k",NA
NA,"02","19","0217","3","NAM #4","#0005625","Oh43","@","40k",NA
NA,"02","20","0218","3","NAM #4","#0005625","Oh43","@","40k",NA
NA,"02","21","0219","3","NAM #8","#0012523","CML228","@","40k",NA
NA,"02","22","0220","3","NAM #8","#0012523","CML228","@","40k",NA
NA,"02","23","0221","3","NAM #8","#0012523","CML228","@","40k",NA
NA,"02","24","0222","3","NAM #5","#0005676","Oh7B","@","40k",NA
NA,"02","25","0223","3","NAM #5","#0005676","Oh7B","@","40k",NA
NA,"02","26","0224","3","NAM #5","#0005676","Oh7B","@","40k",NA
NA,"03","01","0301","2","NAM #7","#0002624","CML322","@","40k",NA
NA,"03","02","0302","2","NAM #7","#0005956","CML322","@","40k",NA
NA,"03","03","0303","2","NAM #7","#0005956","CML322","@","40k",NA
NA,"03","04","0304","2","NAM #2","#0033098","W22","@","40k",NA
NA,"03","05","0305","2","NAM #2","#0033098","W22","@","40k",NA
NA,"03","06","0306","2","NAM #2","#0033098","W22","@","40k",NA
NA,"03","07","0307","2","NAM #5","#0005676","Oh7B","@","40k",NA
NA,"03","08","0308","2","NAM #5","#0005676","Oh7B","@","40k",NA
NA,"03","09","0309","2","NAM #5","#0005676","Oh7B","@","40k",NA
NA,"03","10","0310","2","NAM #1","#0033181","B73","@","40k",NA
NA,"03","11","0311","2","NAM #1","#0033181","B73","@","40k",NA
NA,"03","12","0312","2","NAM #1","#0033181","B73","@","40k",NA
NA,"03","15","0313","4","NAM #2","#0033099","W22","@","40k",NA
NA,"03","16","0314","4","NAM #2","#0033099","W22","@","40k",NA
NA,"03","17","0315","4","NAM #2","#0033099","W22","@","40k",NA
NA,"03","18","0316","4","NAM #4","#0005625","Oh43","@","40k",NA
NA,"03","19","0317","4","NAM #4","#0005625","Oh43","@","40k",NA
NA,"03","20","0318","4","NAM #4","#0005625","Oh43","@","40k",NA
NA,"03","21","0319","4","NAM #1","#0033181","B73","@","40k",NA
NA,"03","22","0320","4","NAM #1","#0033182","B73","@","40k",NA
NA,"03","23","0321","4","NAM #1","#0033182","B73","@","40k",NA
NA,"03","24","0322","4","NAM #6","#0005911","Tx303","@","40k",NA
NA,"03","25","0323","4","NAM #6","#0005911","Tx303","@","40k",NA
NA,"03","26","0324","4","NAM #6","#0005911","Tx303","@","40k",NA
NA,"04","01","0401","2","NAM #6","#0005911","Tx303","@","40k",NA
NA,"04","02","0402","2","NAM #6","#0005911","Tx303","@","40k",NA
NA,"04","03","0403","2","NAM #6","#0000663","Tx303","@","40k",NA
NA,"04","04","0404","2","NAM #4","#0005625","Oh43","@","40k",NA
NA,"04","05","0405","2","NAM #4","#0005625","Oh43","@","40k",NA
NA,"04","06","0406","2","NAM #4","#0005625","Oh43","@","40k",NA
NA,"04","07","0407","2","NAM #3","#0033685","Mo17","@","40k",NA
NA,"04","08","0408","2","NAM #3","#0033685","Mo17","@","40k",NA
NA,"04","09","0409","2","NAM #3","#0033685","Mo17","@","40k",NA
NA,"04","10","0410","2","NAM #8","#0012524","CML228","@","40k",NA
NA,"04","11","0411","2","NAM #8","#0012524","CML228","@","40k",NA
NA,"04","12","0412","2","NAM #8","#0012524","CML228","@","40k",NA
NA,"04","15","0413","4","NAM #7","#0005956","CML322","@","40k",NA
NA,"04","16","0414","4","NAM #7","#0005956","CML322","@","40k",NA
NA,"04","17","0415","4","NAM #7","#0005956","CML322","@","40k",NA
NA,"04","18","0416","4","NAM #5","#0005677","Oh7B","@","40k",NA
NA,"04","19","0417","4","NAM #5","#0005677","Oh7B","@","40k",NA
NA,"04","20","0418","4","NAM #5","#0005677","Oh7B","@","40k",NA
NA,"04","21","0419","4","NAM #8","#0012182","CML228","@","40k",NA
NA,"04","22","0420","4","NAM #8","#0012182","CML228","@","40k",NA
NA,"04","23","0421","4","NAM #8","#0012182","CML228","@","40k",NA
NA,"04","24","0422","4","NAM #3","#0033685","Mo17","@","40k",NA
NA,"04","25","0423","4","NAM #3","#0033685","Mo17","@","40k",NA
NA,"04","26","0424","4","NAM #3","#0033685","Mo17","@","40k",NA
NA,"05","01","0501","BORDER","BORDER","","DCK61-40RIB","DCK61-40RIB","40k",NA
NA,"05","02","0502","BORDER","BORDER","","DCK61-40RIB","DCK61-40RIB","40k",NA
NA,"05","03","0503","BORDER","BORDER","","DCK61-40RIB","DCK61-40RIB","40k",NA
NA,"05","04","0504","BORDER","BORDER","","DCK61-40RIB","DCK61-40RIB","40k",NA
NA,"05","05","0505","BORDER","BORDER","","DCK61-40RIB","DCK61-40RIB","40k",NA
NA,"05","06","0506","BORDER","BORDER","","DCK61-40RIB","DCK61-40RIB","40k",NA
NA,"05","07","0507","BORDER","BORDER","","DCK61-40RIB","DCK61-40RIB","40k",NA
NA,"05","08","0508","BORDER","BORDER","","DCK61-40RIB","DCK61-40RIB","40k",NA
NA,"05","09","0509","BORDER","BORDER","","DCK61-40RIB","DCK61-40RIB","40k",NA
NA,"05","10","0510","BORDER","BORDER","","DCK61-40RIB","DCK61-40RIB","40k",NA
NA,"05","11","0511","BORDER","BORDER","","DCK61-40RIB","DCK61-40RIB","40k",NA
NA,"05","12","0512","BORDER","BORDER","","DCK61-40RIB","DCK61-40RIB","40k",NA
NA,"05","15","0513","BORDER","BORDER","","DCK111-33","DCK111-33","40k",NA
NA,"05","16","0514","BORDER","BORDER","","DCK111-33","DCK111-33","40k",NA
NA,"05","17","0515","BORDER","BORDER","","DCK111-33","DCK111-33","40k",NA
NA,"05","18","0516","BORDER","BORDER","","DCK111-33","DCK111-33","40k",NA
NA,"05","19","0517","BORDER","BORDER","","DCK111-33","DCK111-33","40k",NA
NA,"05","20","0518","BORDER","BORDER","","DCK111-33","DCK111-33","40k",NA
NA,"05","21","0519","BORDER","BORDER","","DCK111-33","DCK111-33","40k",NA
NA,"05","22","0520","BORDER","BORDER","","DCK111-33","DCK111-33","40k",NA
NA,"05","23","0521","BORDER","BORDER","","DCK111-33","DCK111-33","40k",NA
NA,"05","24","0522","BORDER","BORDER","","DCK111-33","DCK111-33","40k",NA
NA,"05","25","0523","BORDER","BORDER","","DCK111-33","DCK111-33","40k",NA
NA,"05","26","0524","BORDER","BORDER","","DCK111-33","DCK111-33","40k",NA
NA,"06","01","0601","BORDER","BORDER","","DCK61-40RIB","DCK61-40RIB","40k",NA
NA,"06","02","0602","BORDER","BORDER","","DCK61-40RIB","DCK61-40RIB","40k",NA
NA,"06","03","0603","1","B73 x H99 slac1","#0034869","B73 mu1037824/mu1037824","H99 mu1037824/mu1037824","40k",NA
NA,"06","04","0604","1","B73 x H99 slac1","#0034869","B73 mu1037824/mu1037824","H99 mu1037824/mu1037824","40k",NA
NA,"06","05","0605","1","B73 x H99 slac1","#0034869","B73 mu1037824/mu1037824","H99 mu1037824/mu1037824","40k",NA
NA,"06","06","0606","1","B73 x H99 slac1","#0034869","B73 mu1037824/mu1037824","H99 mu1037824/mu1037824","40k",NA
NA,"06","07","0607","2","B73 x H99","#0034857","B73","H99","40k",NA
NA,"06","08","0608","2","B73 x H99","#0034857","B73","H99","40k",NA
NA,"06","09","0609","2","B73 x H99","#0034857","B73","H99","40k",NA
NA,"06","10","0610","2","B73 x H99","#0034857","B73","H99","40k",NA
NA,"06","11","0611","BORDER","BORDER","","DCK61-40RIB","DCK61-40RIB","40k",NA
NA,"06","12","0612","BORDER","BORDER","","DCK61-40RIB","DCK61-40RIB","40k",NA
NA,"06","15","0613","BORDER","BORDER","","DCK111-33","DCK111-33","40k",NA
NA,"06","16","0614","BORDER","BORDER","","DCK111-33","DCK111-33","40k",NA
NA,"06","17","0615","1","B37 x Oh43 pip1;5","","CMI23FGH-068.32","CMI23FGH-069.13","40k",NA
NA,"06","18","0616","1","B37 x Oh43 pip1;5","","CMI23FGH-068.32","CMI23FGH-069.13","40k",NA
NA,"06","19","0617","1","B37 x Oh43 pip1;5","","CMI23FGH-068.32","CMI23FGH-069.13","40k",NA
NA,"06","20","0618","1","B37 x Oh43 pip1;5","","CMI23FGH-068.32","CMI23FGH-069.13","40k",NA
NA,"06","21","0619","4","B37 x Mo17 pip1;5","","CMI23FGH-068.29","CMI23FGH-070.09","40k",NA
NA,"06","22","0620","4","B37 x Mo17 pip1;5","","CMI23FGH-068.29","CMI23FGH-070.09","40k",NA
NA,"06","23","0621","4","B37 x Mo17 pip1;5","","CMI23FGH-068.29","CMI23FGH-070.09","40k",NA
NA,"06","24","0622","4","B37 x Mo17 pip1;5","","CMI23FGH-068.29","CMI23FGH-070.09","40k",NA
NA,"06","25","0623","BORDER","BORDER","","DCK111-33","DCK111-33","40k",NA
NA,"06","26","0624","BORDER","BORDER","","DCK111-33","DCK111-33","40k",NA
NA,"07","01","0701","BORDER","BORDER","","DCK61-40RIB","DCK61-40RIB","40k",NA
NA,"07","02","0702","BORDER","BORDER","","DCK61-40RIB","DCK61-40RIB","40k",NA
NA,"07","03","0703","1","P1197","","P1197","P1197","40K",NA
NA,"07","04","0704","1","P1197","","P1197","P1197","40K",NA
NA,"07","05","0705","1","P1197","","P1197","P1197","40K",NA
NA,"07","06","0706","1","P1197","","P1197","P1197","40K",NA
NA,"07","07","0707","2","P1151","","P1151","P1151","40k",NA
NA,"07","08","0708","2","P1151","","P1151","P1151","40k",NA
NA,"07","09","0709","2","P1151","","P1151","P1151","40k",NA
NA,"07","10","0710","2","P1151","","P1151","P1151","40k",NA
NA,"07","11","0711","BORDER","BORDER","","DCK61-40RIB","DCK61-40RIB","40k",NA
NA,"07","12","0712","BORDER","BORDER","","DCK61-40RIB","DCK61-40RIB","40k",NA
NA,"07","15","0713","BORDER","BORDER","","DCK111-33","DCK111-33","40k",NA
NA,"07","16","0714","BORDER","BORDER","","DCK111-33","DCK111-33","40k",NA
NA,"07","17","0715","1","B37 x Oh43 WT","","CMI23FGH-065.31","CMI23FGH-066.10","40k",NA
NA,"07","18","0716","1","B37 x Oh43 WT","","CMI23FGH-065.31","CMI23FGH-066.10","40k",NA
NA,"07","19","0717","1","B37 x Oh43 WT","","CMI23FGH-065.31","CMI23FGH-066.10","40k",NA
NA,"07","20","0718","1","B37 x Oh43 WT","","CMI23FGH-066.16","CMI23FGH-065.16","40k",NA
NA,"07","21","0719","4","B37 x Mo17 WT","","CMI23FGH-065.45","CMI23FGH-067.05","40k",NA
NA,"07","22","0720","4","B37 x Mo17 WT","","CMI23FGH-065.45","CMI23FGH-067.05","40k",NA
NA,"07","23","0721","4","B37 x Mo17 WT","","CMI23FGH-065.45","CMI23FGH-067.05","40k",NA
NA,"07","24","0722","4","B37 x Mo17 WT","","CMI23FGH-065.45","CMI23FGH-067.05","40k",NA
NA,"07","25","0723","BORDER","BORDER","","DCK111-33","DCK111-33","40k",NA
NA,"07","26","0724","BORDER","BORDER","","DCK111-33","DCK111-33","40k",NA
NA,"08","01","0801","BORDER","BORDER","","DCK61-40RIB","DCK61-40RIB","40k",NA
NA,"08","02","0802","BORDER","BORDER","","DCK61-40RIB","DCK61-40RIB","40k",NA
NA,"08","03","0803","1","B73 x H99","#0034857","B73","H99","40k",NA
NA,"08","04","0804","1","B73 x H99","#0034857","B73","H99","40k",NA
NA,"08","05","0805","1","B73 x H99","#0034858","B73","H99","40k",NA
NA,"08","06","0806","1","B73 x H99","#0034858","B73","H99","40k",NA
NA,"08","07","0807","2","P1197","","P1197","P1197","40K",NA
NA,"08","08","0808","2","P1197","","P1197","P1197","40K",NA
NA,"08","09","0809","2","P1197","","P1197","P1197","40K",NA
NA,"08","10","0810","2","P1197","","P1197","P1197","40K",NA
NA,"08","11","0811","BORDER","BORDER","","DCK61-40RIB","DCK61-40RIB","40k",NA
NA,"08","12","0812","BORDER","BORDER","","DCK61-40RIB","DCK61-40RIB","40k",NA
NA,"08","15","0813","BORDER","BORDER","","DCK111-33","DCK111-33","40k",NA
NA,"08","16","0814","BORDER","BORDER","","DCK111-33","DCK111-33","40k",NA
NA,"08","17","0815","1","B37 x Mo17 pip1;5","","CMI23FGH-068.29","CMI23FGH-070.09","40k",NA
NA,"08","18","0816","1","B37 x Mo17 pip1;5","","CMI23FGH-068.29","CMI23FGH-070.09","40k",NA
NA,"08","19","0817","1","B37 x Mo17 pip1;5","","CMI23FGH-068.29","CMI23FGH-070.09","40k",NA
NA,"08","20","0818","1","B37 x Mo17 pip1;5","","CMI23FGH-068.29","CMI23FGH-070.09","40k",NA
NA,"08","21","0819","4","B37 x Oh43 WT","","CMI23FGH-065.03","CMI23FGH-066.02","40k",NA
NA,"08","22","0820","4","B37 x Oh43 WT","","CMI23FGH-065.03","CMI23FGH-066.02","40k",NA
NA,"08","23","0821","4","B37 x Oh43 WT","","CMI23FGH-065.03","CMI23FGH-066.02","40k",NA
NA,"08","24","0822","4","B37 x Oh43 WT","","CMI23FGH-065.03","CMI23FGH-066.02","40k",NA
NA,"08","25","0823","BORDER","BORDER","","DCK111-33","DCK111-33","40k",NA
NA,"08","26","0824","BORDER","BORDER","","DCK111-33","DCK111-33","40k",NA
NA,"09","01","0901","BORDER","BORDER","","DCK61-40RIB","DCK61-40RIB","40k",NA
NA,"09","02","0902","BORDER","BORDER","","DCK61-40RIB","DCK61-40RIB","40k",NA
NA,"09","03","0903","1","P1151","","P1151","P1151","40k",NA
NA,"09","04","0904","1","P1151","","P1151","P1151","40k",NA
NA,"09","05","0905","1","P1151","","P1151","P1151","40k",NA
NA,"09","06","0906","1","P1151","","P1151","P1151","40k",NA
NA,"09","07","0907","2","B73 x H99 slac1","#0034869","B73 mu1037824/mu1037824","H99 mu1037824/mu1037824","40k",NA
NA,"09","08","0908","2","B73 x H99 slac1","#0034869","B73 mu1037824/mu1037824","H99 mu1037824/mu1037824","40k",NA
NA,"09","09","0909","2","B73 x H99 slac1","#0034869","B73 mu1037824/mu1037824","H99 mu1037824/mu1037824","40k",NA
NA,"09","10","0910","2","B73 x H99 slac1","#0034869","B73 mu1037824/mu1037824","H99 mu1037824/mu1037824","40k",NA
NA,"09","11","0911","BORDER","BORDER","","DCK61-40RIB","DCK61-40RIB","40k",NA
NA,"09","12","0912","BORDER","BORDER","","DCK61-40RIB","DCK61-40RIB","40k",NA
NA,"09","15","0913","BORDER","BORDER","","DCK111-33","DCK111-33","40k",NA
NA,"09","16","0914","BORDER","BORDER","","DCK111-33","DCK111-33","40k",NA
NA,"09","17","0915","1","B37 x Mo17 WT","","CMI23FGH-065.45","CMI23FGH-067.05","40k",NA
NA,"09","18","0916","1","B37 x Mo17 WT","","CMI23FGH-065.45","CMI23FGH-067.05","40k",NA
NA,"09","19","0917","1","B37 x Mo17 WT","","CMI23FGH-065.45","CMI23FGH-067.05","40k",NA
NA,"09","20","0918","1","B37 x Mo17 WT","","CMI23FGH-065.45","CMI23FGH-067.05","40k",NA
NA,"09","21","0919","4","B37 x Oh43 pip1;5","","CMI23FGH-068.32","CMI23FGH-069.13","40k",NA
NA,"09","22","0920","4","B37 x Oh43 pip1;5","","CMI23FGH-068.32","CMI23FGH-069.13","40k",NA
NA,"09","23","0921","4","B37 x Oh43 pip1;5","","CMI23FGH-068.32","CMI23FGH-069.13","40k",NA
NA,"09","24","0922","4","B37 x Oh43 pip1;5","","CMI23FGH-068.32","CMI23FGH-069.13","40k",NA
NA,"09","25","0923","BORDER","BORDER","","DCK111-33","DCK111-33","40k",NA
NA,"09","26","0924","BORDER","BORDER","","DCK111-33","DCK111-33","40k",NA
NA,"10","01","1001","BORDER","BORDER","","DCK61-40RIB","DCK61-40RIB","40k",NA
NA,"10","02","1002","BORDER","BORDER","","DCK61-40RIB","DCK61-40RIB","40k",NA
NA,"10","03","1003","3","B73 x H99 slac1","#0034869","B73 mu1037824/mu1037824","H99 mu1037824/mu1037824","40k",NA
NA,"10","04","1004","3","B73 x H99 slac1","#0034869","B73 mu1037824/mu1037824","H99 mu1037824/mu1037824","40k",NA
NA,"10","05","1005","3","B73 x H99 slac1","#0034869","B73 mu1037824/mu1037824","H99 mu1037824/mu1037824","40k",NA
NA,"10","06","1006","3","B73 x H99 slac1","#0034870","B73 mu1037824/mu1037824","H99 mu1037824/mu1037824","40k",NA
NA,"10","07","1007","4","P1197","","P1197","P1197","40K",NA
NA,"10","08","1008","4","P1197","","P1197","P1197","40K",NA
NA,"10","09","1009","4","P1197","","P1197","P1197","40K",NA
NA,"10","10","1010","4","P1197","","P1197","P1197","40K",NA
NA,"10","11","1011","BORDER","BORDER","","DCK61-40RIB","DCK61-40RIB","40k",NA
NA,"10","12","1012","BORDER","BORDER","","DCK61-40RIB","DCK61-40RIB","40k",NA
NA,"10","15","1013","BORDER","BORDER","","DCK111-33","DCK111-33","40k",NA
NA,"10","16","1014","BORDER","BORDER","","DCK111-33","DCK111-33","40k",NA
NA,"10","17","1015","2","B37 x Mo17 pip1;5","","CMI23FGH-068.21","CMI23FGH-070.10","40k",NA
NA,"10","18","1016","2","B37 x Mo17 pip1;5","","CMI23FGH-068.21","CMI23FGH-070.10","40k",NA
NA,"10","19","1017","2","B37 x Mo17 pip1;5","","CMI23FGH-068.21","CMI23FGH-070.10","40k",NA
NA,"10","20","1018","2","B37 x Mo17 pip1;5","","CMI23FGH-068.21","CMI23FGH-070.10","40k",NA
NA,"10","21","1019","5","B37 x Oh43 pip1;5","","CMI23FGH-068.32","CMI23FGH-069.13","40k",NA
NA,"10","22","1020","5","B37 x Oh43 pip1;5","","CMI23FGH-068.32","CMI23FGH-069.13","40k",NA
NA,"10","23","1021","5","B37 x Oh43 pip1;5","","CMI23FGH-068.32","CMI23FGH-069.13","40k",NA
NA,"10","24","1022","5","B37 x Oh43 pip1;5","","CMI23FGH-068.42","CMI23FGH-069.13","38k",NA
NA,"10","25","1023","BORDER","BORDER","","DCK111-33","DCK111-33","40k",NA
NA,"10","26","1024","BORDER","BORDER","","DCK111-33","DCK111-33","40k",NA
NA,"11","01","1101","BORDER","BORDER","","DCK61-40RIB","DCK61-40RIB","40k",NA
NA,"11","02","1102","BORDER","BORDER","","DCK61-40RIB","DCK61-40RIB","40k",NA
NA,"11","03","1103","3","B73 x H99","#0034858","B73","H99","40k",NA
NA,"11","04","1104","3","B73 x H99","#0034858","B73","H99","40k",NA
NA,"11","05","1105","3","B73 x H99","#0034858","B73","H99","40k",NA
NA,"11","06","1106","3","B73 x H99","#0034858","B73","H99","40k",NA
NA,"11","07","1107","4","P1151","","P1151","P1151","40k",NA
NA,"11","08","1108","4","P1151","","P1151","P1151","40k",NA
NA,"11","09","1109","4","P1151","","P1151","P1151","40k",NA
NA,"11","10","1110","4","P1151","","P1151","P1151","40k",NA
NA,"11","11","1111","BORDER","BORDER","","DCK61-40RIB","DCK61-40RIB","40k",NA
NA,"11","12","1112","BORDER","BORDER","","DCK61-40RIB","DCK61-40RIB","40k",NA
NA,"11","15","1113","BORDER","BORDER","","DCK111-33","DCK111-33","40k",NA
NA,"11","16","1114","BORDER","BORDER","","DCK111-33","DCK111-33","40k",NA
NA,"11","17","1115","2","B37 x Mo17 WT","","CMI23FGH-065.26","CMI23FGH-067.02","40k",NA
NA,"11","18","1116","2","B37 x Mo17 WT","","CMI23FGH-065.26","CMI23FGH-067.02","40k",NA
NA,"11","19","1117","2","B37 x Mo17 WT","","CMI23FGH-065.26","CMI23FGH-067.02","40k",NA
NA,"11","20","1118","2","B37 x Mo17 WT","","CMI23FGH-065.26","CMI23FGH-067.02","40k",NA
NA,"11","21","1119","5","B37 x Oh43 WT","","CMI23FGH-066.12","CMI23FGH-065.31","40k",NA
NA,"11","22","1120","5","B37 x Oh43 WT","","CMI23FGH-065.16","CMI23FGH-066.02","40k",NA
NA,"11","23","1121","5","B37 x Oh43 WT","","CMI23FGH-065.16","CMI23FGH-066.02","40k",NA
NA,"11","24","1122","5","B37 x Oh43 WT","","CMI23FGH-066.12","CMI23FGH-065.31","40k",NA
NA,"11","25","1123","BORDER","BORDER","","DCK111-33","DCK111-33","40k",NA
NA,"11","26","1124","BORDER","BORDER","","DCK111-33","DCK111-33","40k",NA
NA,"12","01","1201","BORDER","BORDER","","DCK61-40RIB","DCK61-40RIB","40k",NA
NA,"12","02","1202","BORDER","BORDER","","DCK61-40RIB","DCK61-40RIB","40k",NA
NA,"12","03","1203","3","P1151","","P1151","P1151","40k",NA
NA,"12","04","1204","3","P1151","","P1151","P1151","40k",NA
NA,"12","05","1205","3","P1151","","P1151","P1151","40k",NA
NA,"12","06","1206","3","P1151","","P1151","P1151","40k",NA
NA,"12","07","1207","4","B73 x H99 slac1","#0034870","B73 mu1037824/mu1037824","H99 mu1037824/mu1037824","40k",NA
NA,"12","08","1208","4","B73 x H99 slac1","#0034870","B73 mu1037824/mu1037824","H99 mu1037824/mu1037824","40k",NA
NA,"12","09","1209","4","B73 x H99 slac1","#0034870","B73 mu1037824/mu1037824","H99 mu1037824/mu1037824","40k",NA
NA,"12","10","1210","4","B73 x H99 slac1","#0034870","B73 mu1037824/mu1037824","H99 mu1037824/mu1037824","40k",NA
NA,"12","11","1211","BORDER","BORDER","","DCK61-40RIB","DCK61-40RIB","40k",NA
NA,"12","12","1212","BORDER","BORDER","","DCK61-40RIB","DCK61-40RIB","40k",NA
NA,"12","15","1213","BORDER","BORDER","","DCK111-33","DCK111-33","40k",NA
NA,"12","16","1214","BORDER","BORDER","","DCK111-33","DCK111-33","40k",NA
NA,"12","17","1215","2","B37 x Oh43 pip1;5","","CMI23FGH-068.42","CMI23FGH-069.13","40k",NA
NA,"12","18","1216","2","B37 x Oh43 pip1;5","","CMI23FGH-068.42","CMI23FGH-069.13","40k",NA
NA,"12","19","1217","2","B37 x Oh43 pip1;5","","CMI23FGH-068.42","CMI23FGH-069.13","40k",NA
NA,"12","20","1218","2","B37 x Oh43 pip1;5","","CMI23FGH-068.42","CMI23FGH-069.13","40k",NA
NA,"12","21","1219","5","B37 x Mo17 WT","","CMI23FGH-065.08","CMI23FGH-067.01","40k",NA
NA,"12","22","1220","5","B37 x Mo17 WT","","CMI23FGH-065.08","CMI23FGH-067.01","40k",NA
NA,"12","23","1221","5","B37 x Mo17 WT","","CMI23FGH-065.08","CMI23FGH-067.01","40k",NA
NA,"12","24","1222","5","B37 x Mo17 WT","","CMI23FGH-065.08","CMI23FGH-067.01","40k",NA
NA,"12","25","1223","BORDER","BORDER","","DCK111-33","DCK111-33","40k",NA
NA,"12","26","1224","BORDER","BORDER","","DCK111-33","DCK111-33","40k",NA
NA,"13","01","1301","BORDER","BORDER","","DCK61-40RIB","DCK61-40RIB","40k",NA
NA,"13","02","1302","BORDER","BORDER","","DCK61-40RIB","DCK61-40RIB","40k",NA
NA,"13","03","1303","3","P1197","","P1197","P1197","40K",NA
NA,"13","04","1304","3","P1197","","P1197","P1197","40K",NA
NA,"13","05","1305","3","P1197","","P1197","P1197","40K",NA
NA,"13","06","1306","3","P1197","","P1197","P1197","40K",NA
NA,"13","07","1307","4","B73 x H99","#0034858","B73","H99","40k",NA
NA,"13","08","1308","4","B73 x H99","#0034859","B73","H99","40k",NA
NA,"13","09","1309","4","B73 x H99","#0034859","B73","H99","40k",NA
NA,"13","10","1310","4","B73 x H99","#0034859","B73","H99","40k",NA
NA,"13","11","1311","BORDER","BORDER","","DCK61-40RIB","DCK61-40RIB","40k",NA
NA,"13","12","1312","BORDER","BORDER","","DCK61-40RIB","DCK61-40RIB","40k",NA
NA,"13","15","1313","BORDER","BORDER","","DCK111-33","DCK111-33","40k",NA
NA,"13","16","1314","BORDER","BORDER","","DCK111-33","DCK111-33","40k",NA
NA,"13","17","1315","2","B37 x Oh43 WT","","CMI23FGH-066.12","CMI23FGH-065.31","40k",NA
NA,"13","18","1316","2","B37 x Oh43 WT","","CMI23FGH-065.49","CMI23FGH-066.16","40k",NA
NA,"13","19","1317","2","B37 x Oh43 WT","","CMI23FGH-065.49","CMI23FGH-066.16","40k",NA
NA,"13","20","1318","2","B37 x Oh43 WT","","CMI23FGH-066.16","CMI23FGH-065.16","40k",NA
NA,"13","21","1319","5","B37 x Mo17 pip1;5","","CMI23FGH-068.21","CMI23FGH-070.10","40k",NA
NA,"13","22","1320","5","B37 x Mo17 pip1;5","","CMI23FGH-068.21","CMI23FGH-070.10","40k",NA
NA,"13","23","1321","5","B37 x Mo17 pip1;5","","CMI23FGH-068.21","CMI23FGH-070.10","40k",NA
NA,"13","24","1322","5","B37 x Mo17 pip1;5","68.21 x 70.10 & 68.29 x 70.9","CMI23FGH-068.21 & CMI23FGH-068.29","CMI23FGH-070.10 & CMI23FGH-070.09","39k",NA
NA,"13","25","1323","BORDER","BORDER","","DCK111-33","DCK111-33","40k",NA
NA,"13","26","1324","BORDER","BORDER","","DCK111-33","DCK111-33","40k",NA
NA,"14","01","1401","BORDER","BORDER","","DCK61-40RIB","DCK61-40RIB","40k",NA
NA,"14","02","1402","BORDER","BORDER","","DCK61-40RIB","DCK61-40RIB","40k",NA
NA,"14","03","1403","5","P1197","","P1197","P1197","40K",NA
NA,"14","04","1404","5","P1197","","P1197","P1197","40K",NA
NA,"14","05","1405","5","P1197","","P1197","P1197","40K",NA
NA,"14","06","1406","5","P1197","","P1197","P1197","40K",NA
NA,"14","07","1407","6","B73 x H99","#0034859","B73","H99","40k",NA
NA,"14","08","1408","6","B73 x H99","#0034859","B73","H99","40k",NA
NA,"14","09","1409","6","B73 x H99","#0034859","B73","H99","40k",NA
NA,"14","10","1410","6","B73 x H99","#0034860","B73","H99","40k",NA
NA,"14","11","1411","BORDER","BORDER","","DCK61-40RIB","DCK61-40RIB","40k",NA
NA,"14","12","1412","BORDER","BORDER","","DCK61-40RIB","DCK61-40RIB","40k",NA
NA,"14","15","1413","BORDER","BORDER","","DCK111-33","DCK111-33","40k",NA
NA,"14","16","1414","BORDER","BORDER","","DCK111-33","DCK111-33","40k",NA
NA,"14","17","1415","3","B37 x Oh43 WT","","CMI23FGH-066.02","CMI23FGH-065.27","40k",NA
NA,"14","18","1416","3","B37 x Oh43 WT","","CMI23FGH-066.02","CMI23FGH-065.27","40k",NA
NA,"14","19","1417","3","B37 x Oh43 WT","","CMI23FGH-066.02","CMI23FGH-065.27","40k",NA
NA,"14","20","1418","3","B37 x Oh43 WT","","CMI23FGH-066.02","CMI23FGH-065.27","40k",NA
NA,"14","21","1419","BORDER","BORDER","","DKC111-33","DKC111-33","40k",NA
NA,"14","22","1420","BORDER","BORDER","","DKC111-33","DKC111-33","40k",NA
NA,"14","23","1421","BORDER","BORDER","","DKC111-33","DKC111-33","40k",NA
NA,"14","24","1422","BORDER","BORDER","","DKC111-33","DKC111-33","40k",NA
NA,"14","25","1423","BORDER","BORDER","","DCK111-33","DCK111-33","40k",NA
NA,"14","26","1424","BORDER","BORDER","","DCK111-33","DCK111-33","40k",NA
NA,"15","01","1501","BORDER","BORDER","","DCK61-40RIB","DCK61-40RIB","40k",NA
NA,"15","02","1502","BORDER","BORDER","","DCK61-40RIB","DCK61-40RIB","40k",NA
NA,"15","03","1503","5","B73 x H99","#0034860","B73","H99","40k",NA
NA,"15","04","1504","5","B73 x H99","#0034860","B73","H99","40k",NA
NA,"15","05","1505","5","B73 x H99","#0034860","B73","H99","40k",NA
NA,"15","06","1506","5","B73 x H99","#0034860","B73","H99","40k",NA
NA,"15","07","1507","6","P1197","","P1197","P1197","40K",NA
NA,"15","08","1508","6","P1197","","P1197","P1197","40K",NA
NA,"15","09","1509","6","P1197","","P1197","P1197","40K",NA
NA,"15","10","1510","6","P1197","","P1197","P1197","40K",NA
NA,"15","11","1511","BORDER","BORDER","","DCK61-40RIB","DCK61-40RIB","40k",NA
NA,"15","12","1512","BORDER","BORDER","","DCK61-40RIB","DCK61-40RIB","40k",NA
NA,"15","15","1513","BORDER","BORDER","","DCK111-33","DCK111-33","40k",NA
NA,"15","16","1514","BORDER","BORDER","","DCK111-33","DCK111-33","40k",NA
NA,"15","17","1515","3","B37 x Oh43 pip1;5","","CMI23FGH-068.42","CMI23FGH-069.13","40k",NA
NA,"15","18","1516","3","B37 x Oh43 pip1;5","","CMI23FGH-068.42","CMI23FGH-069.13","40k",NA
NA,"15","19","1517","3","B37 x Oh43 pip1;5","","CMI23FGH-068.42","CMI23FGH-069.13","40k",NA
NA,"15","20","1518","3","B37 x Oh43 pip1;5","","CMI23FGH-068.42","CMI23FGH-069.13","40k",NA
NA,"15","21","1519","BORDER","BORDER","","DKC111-33","DKC111-33","40k",NA
NA,"15","22","1520","BORDER","BORDER","","DKC111-33","DKC111-33","40k",NA
NA,"15","23","1521","BORDER","BORDER","","DKC111-33","DKC111-33","40k",NA
NA,"15","24","1522","BORDER","BORDER","","DKC111-33","DKC111-33","40k",NA
NA,"15","25","1523","BORDER","BORDER","","DCK111-33","DCK111-33","40k",NA
NA,"15","26","1524","BORDER","BORDER","","DCK111-33","DCK111-33","40k",NA
NA,"16","01","1601","BORDER","BORDER","","DCK61-40RIB","DCK61-40RIB","40k",NA
NA,"16","02","1602","BORDER","BORDER","","DCK61-40RIB","DCK61-40RIB","40k",NA
NA,"16","03","1603","5","P1151","","P1151","P1151","40k",NA
NA,"16","04","1604","5","P1151","","P1151","P1151","40k",NA
NA,"16","05","1605","5","P1151","","P1151","P1151","40k",NA
NA,"16","06","1606","5","P1151","","P1151","P1151","40k",NA
NA,"16","07","1607","6","B73 x H99 slac1","#0034870","B73 mu1037824/mu1037824","H99 mu1037824/mu1037824","40k",NA
NA,"16","08","1608","6","B73 x H99 slac1","#0034870","B73 mu1037824/mu1037824","H99 mu1037824/mu1037824","40k",NA
NA,"16","09","1609","6","B73 x H99 slac1","#0034871","B73 mu1037824/mu1037824","H99 mu1037824/mu1037824","40k",NA
NA,"16","10","1610","6","B73 x H99 slac1","#0034871","B73 mu1037824/mu1037824","H99 mu1037824/mu1037824","40k",NA
NA,"16","11","1611","BORDER","BORDER","","DCK61-40RIB","DCK61-40RIB","40k",NA
NA,"16","12","1612","BORDER","BORDER","","DCK61-40RIB","DCK61-40RIB","40k",NA
NA,"16","15","1613","BORDER","BORDER","","DCK111-33","DCK111-33","40k",NA
NA,"16","16","1614","BORDER","BORDER","","DCK111-33","DCK111-33","40k",NA
NA,"16","17","1615","3","B37 x Mo17 WT","","CMI23FGH-065.08","CMI23FGH-067.01","40k",NA
NA,"16","18","1616","3","B37 x Mo17 WT","","CMI23FGH-065.02","CMI23FGH-067.03","40k",NA
NA,"16","19","1617","3","B37 x Mo17 WT","","CMI23FGH-065.02","CMI23FGH-067.03","40k",NA
NA,"16","20","1618","3","B37 x Mo17 WT","","CMI23FGH-065.08","CMI23FGH-067.01","40k",NA
NA,"16","21","1619","BORDER","BORDER","","DKC111-33","DKC111-33","40k",NA
NA,"16","22","1620","BORDER","BORDER","","DKC111-33","DKC111-33","40k",NA
NA,"16","23","1621","BORDER","BORDER","","DKC111-33","DKC111-33","40k",NA
NA,"16","24","1622","BORDER","BORDER","","DKC111-33","DKC111-33","40k",NA
NA,"16","25","1623","BORDER","BORDER","","DCK111-33","DCK111-33","40k",NA
NA,"16","26","1624","BORDER","BORDER","","DCK111-33","DCK111-33","40k",NA
NA,"17","01","1701","BORDER","BORDER","","DCK61-40RIB","DCK61-40RIB","40k",NA
NA,"17","02","1702","BORDER","BORDER","","DCK61-40RIB","DCK61-40RIB","40k",NA
NA,"17","03","1703","5","B73 x H99 slac1","#0034871","B73 mu1037824/mu1037824","H99 mu1037824/mu1037824","40k",NA
NA,"17","04","1704","5","B73 x H99 slac1","#0034871","B73 mu1037824/mu1037824","H99 mu1037824/mu1037824","40k",NA
NA,"17","05","1705","5","B73 x H99 slac1","#0034871","B73 mu1037824/mu1037824","H99 mu1037824/mu1037824","40k",NA
NA,"17","06","1706","5","B73 x H99 slac1","#0034871","B73 mu1037824/mu1037824","H99 mu1037824/mu1037824","40k",NA
NA,"17","07","1707","6","P1151","","P1151","P1151","40k",NA
NA,"17","08","1708","6","P1151","","P1151","P1151","40k",NA
NA,"17","09","1709","6","P1151","","P1151","P1151","40k",NA
NA,"17","10","1710","6","P1151","","P1151","P1151","40k",NA
NA,"17","11","1711","BORDER","BORDER","","DCK61-40RIB","DCK61-40RIB","40k",NA
NA,"17","12","1712","BORDER","BORDER","","DCK61-40RIB","DCK61-40RIB","40k",NA
NA,"17","15","1713","BORDER","BORDER","","DCK111-33","DCK111-33","40k",NA
NA,"17","16","1714","BORDER","BORDER","","DCK111-33","DCK111-33","40k",NA
NA,"17","17","1715","3","B37 x Mo17 pip1;5","","CMI23FGH-068.25","CMI23FGH-070.14","40k",NA
NA,"17","18","1716","3","B37 x Mo17 pip1;5","","CMI23FGH-068.25","CMI23FGH-070.14","40k",NA
NA,"17","19","1717","3","B37 x Mo17 pip1;5","","CMI23FGH-068.25","CMI23FGH-070.14","40k",NA
NA,"17","20","1718","3","B37 x Mo17 pip1;5","68.25 x 70.14 & 68.29 x70.9","CMI23FGH-068.25 & CMI23FGH-068.29","CMI23FGH-070.14 & CMI23FGH-070.09","40k",NA
NA,"17","21","1719","BORDER","BORDER","","DKC111-33","DKC111-33","40k",NA
NA,"17","22","1720","BORDER","BORDER","","DKC111-33","DKC111-33","40k",NA
NA,"17","23","1721","BORDER","BORDER","","DKC111-33","DKC111-33","40k",NA
NA,"17","24","1722","BORDER","BORDER","","DKC111-33","DKC111-33","40k",NA
NA,"17","25","1723","BORDER","BORDER","","DCK111-33","DCK111-33","40k",NA
NA,"17","26","1724","BORDER","BORDER","","DCK111-33","DCK111-33","40k",NA
NA,"18","01","1801","BORDER","BORDER","","DCK61-40RIB","DCK61-40RIB","40k",NA
NA,"18","02","1802","BORDER","BORDER","","DCK61-40RIB","DCK61-40RIB","40k",NA
NA,"18","03","1803","BORDER","BORDER","","DCK61-40RIB","DCK61-40RIB","40k",NA
NA,"18","04","1804","BORDER","BORDER","","DCK61-40RIB","DCK61-40RIB","40k",NA
NA,"18","05","1805","BORDER","BORDER","","DCK61-40RIB","DCK61-40RIB","40k",NA
NA,"18","06","1806","BORDER","BORDER","","DCK61-40RIB","DCK61-40RIB","40k",NA
NA,"18","07","1807","BORDER","BORDER","","DCK61-40RIB","DCK61-40RIB","40k",NA
NA,"18","08","1808","BORDER","BORDER","","DCK61-40RIB","DCK61-40RIB","40k",NA
NA,"18","09","1809","BORDER","BORDER","","DCK61-40RIB","DCK61-40RIB","40k",NA
NA,"18","10","1810","BORDER","BORDER","","DCK61-40RIB","DCK61-40RIB","40k",NA
NA,"18","11","1811","BORDER","BORDER","","DCK61-40RIB","DCK61-40RIB","40k",NA
NA,"18","12","1812","BORDER","BORDER","","DCK61-40RIB","DCK61-40RIB","40k",NA
NA,"18","15","1813","BORDER","BORDER","","DCK111-33","DCK111-33","40k",NA
NA,"18","16","1814","BORDER","BORDER","","DCK111-33","DCK111-33","40k",NA
NA,"18","17","1815","BORDER","BORDER","","DCK111-33","DCK111-33","40k",NA
NA,"18","18","1816","BORDER","BORDER","","DCK111-33","DCK111-33","40k",NA
NA,"18","19","1817","BORDER","BORDER","","DCK111-33","DCK111-33","40k",NA
NA,"18","20","1818","BORDER","BORDER","","DCK111-33","DCK111-33","40k",NA
NA,"18","21","1819","BORDER","BORDER","","DCK111-33","DCK111-33","40k",NA
NA,"18","22","1820","BORDER","BORDER","","DCK111-33","DCK111-33","40k",NA
NA,"18","23","1821","BORDER","BORDER","","DCK111-33","DCK111-33","40k",NA
NA,"18","24","1822","BORDER","BORDER","","DCK111-33","DCK111-33","40k",NA
NA,"18","25","1823","BORDER","BORDER","","DCK111-33","DCK111-33","40k",NA
NA,"18","26","1824","BORDER","BORDER","","DCK111-33","DCK111-33","40k",NA
NA,"01","13","9001",NA,NA,NA,NA,NA,NA,"skip"
NA,"01","14","9019",NA,NA,NA,NA,NA,NA,"skip"
NA,"02","13","9002",NA,NA,NA,NA,NA,NA,"skip"
NA,"02","14","9020",NA,NA,NA,NA,NA,NA,"skip"
NA,"03","13","9003",NA,NA,NA,NA,NA,NA,"skip"
NA,"03","14","9021",NA,NA,NA,NA,NA,NA,"skip"
NA,"04","13","9004",NA,NA,NA,NA,NA,NA,"skip"
NA,"04","14","9022",NA,NA,NA,NA,NA,NA,"skip"
NA,"05","13","9005",NA,NA,NA,NA,NA,NA,"skip"
NA,"05","14","9023",NA,NA,NA,NA,NA,NA,"skip"
NA,"06","13","9006",NA,NA,NA,NA,NA,NA,"skip"
NA,"06","14","9024",NA,NA,NA,NA,NA,NA,"skip"
NA,"07","13","9007",NA,NA,NA,NA,NA,NA,"skip"
NA,"07","14","9025",NA,NA,NA,NA,NA,NA,"skip"
NA,"08","13","9008",NA,NA,NA,NA,NA,NA,"skip"
NA,"08","14","9026",NA,NA,NA,NA,NA,NA,"skip"
NA,"09","13","9009",NA,NA,NA,NA,NA,NA,"skip"
NA,"09","14","9027",NA,NA,NA,NA,NA,NA,"skip"
NA,"10","13","9010",NA,NA,NA,NA,NA,NA,"skip"
NA,"10","14","9028",NA,NA,NA,NA,NA,NA,"skip"
NA,"11","13","9011",NA,NA,NA,NA,NA,NA,"skip"
NA,"11","14","9029",NA,NA,NA,NA,NA,NA,"skip"
NA,"12","13","9012",NA,NA,NA,NA,NA,NA,"skip"
NA,"12","14","9030",NA,NA,NA,NA,NA,NA,"skip"
NA,"13","13","9013",NA,NA,NA,NA,NA,NA,"skip"
NA,"13","14","9031",NA,NA,NA,NA,NA,NA,"skip"
NA,"14","13","9014",NA,NA,NA,NA,NA,NA,"skip"
NA,"14","14","9032",NA,NA,NA,NA,NA,NA,"skip"
NA,"15","13","9015",NA,NA,NA,NA,NA,NA,"skip"
NA,"15","14","9033",NA,NA,NA,NA,NA,NA,"skip"
NA,"16","13","9016",NA,NA,NA,NA,NA,NA,"skip"
NA,"16","14","9034",NA,NA,NA,NA,NA,NA,"skip"
NA,"17","13","9017",NA,NA,NA,NA,NA,NA,"skip"
NA,"17","14","9035",NA,NA,NA,NA,NA,NA,"skip"
NA,"18","13","9018",NA,NA,NA,NA,NA,NA,"skip"
NA,"18","14","9036",NA,NA,NA,NA,NA,NA,"skip"
